draw_date,draw_id,game,game_name,letter,numbers,raw_text,source,url,draw_sequence
2025-06-12,4100,govisetha,Govisetha,Q,17;24;31;69,"4100 Thursday June 12, 2025 Q 17 24 31 69",nlb,https://www.nlb.lk/results/govisetha,1
2025-06-13,4101,govisetha,Govisetha,G,04;06;49;73,"4101 Friday June 13, 2025 G 04 06 49 73",nlb,https://www.nlb.lk/results/govisetha,2
2025-06-14,4102,govisetha,Govisetha,F,16;45;53;75,"4102 Saturday June 14, 2025 F 16 45 53 75",nlb,https://www.nlb.lk/results/govisetha,3
2025-06-15,4103,govisetha,Govisetha,E,22;29;41;50,"4103 Sunday June 15, 2025 E 22 29 41 50",nlb,https://www.nlb.lk/results/govisetha,4
2025-06-16,4104,govisetha,Govisetha,Y,04;12;35;52,"4104 Monday June 16, 2025 Y 04 12 35 52",nlb,https://www.nlb.lk/results/govisetha,5
2025-06-17,4105,govisetha,Govisetha,H,18;27;37;55,"4105 Tuesday June 17, 2025 H 18 27 37 55",nlb,https://www.nlb.lk/results/govisetha,6
2025-06-18,4106,govisetha,Govisetha,Z,25;45;64;68,"4106 Wednesday June 18, 2025 Z 25 45 64 68",nlb,https://www.nlb.lk/results/govisetha,7
2025-06-19,4107,govisetha,Govisetha,I,03;42;47;60,"4107 Thursday June 19, 2025 I 3 42 47 60",nlb,https://www.nlb.lk/results/govisetha,8
2025-06-20,4108,govisetha,Govisetha,P,48;60;68;80,"4108 Friday June 20, 2025 P 48 60 68 80",nlb,https://www.nlb.lk/results/govisetha,9
2025-06-21,4109,govisetha,Govisetha,U,03;06;46;61,"4109 Saturday June 21, 2025 U 03 06 46 61",nlb,https://www.nlb.lk/results/govisetha,10
2025-06-22,4110,govisetha,Govisetha,L,29;54;64;67,"4110 Sunday June 22, 2025 L 29 54 64 67",nlb,https://www.nlb.lk/results/govisetha,11
2025-06-23,4111,govisetha,Govisetha,R,11;21;30;75,"4111 Monday June 23, 2025 R 11 21 30 75",nlb,https://www.nlb.lk/results/govisetha,12
2025-06-24,4112,govisetha,Govisetha,Q,32;53;64;78,"4112 Tuesday June 24, 2025 Q 32 53 64 78",nlb,https://www.nlb.lk/results/govisetha,13
2025-06-25,4113,govisetha,Govisetha,J,20;55;63;77,"4113 Wednesday June 25, 2025 J 20 55 63 77",nlb,https://www.nlb.lk/results/govisetha,14
2025-06-26,4114,govisetha,Govisetha,L,03;19;69;75,"4114 Thursday June 26, 2025 L 3 19 69 75",nlb,https://www.nlb.lk/results/govisetha,15
2025-06-27,4115,govisetha,Govisetha,C,42;55;62;74,"4115 Friday June 27, 2025 C 42 55 62 74",nlb,https://www.nlb.lk/results/govisetha,16
2025-06-28,4116,govisetha,Govisetha,O,16;17;70;80,"4116 Saturday June 28, 2025 O 16 17 70 80",nlb,https://www.nlb.lk/results/govisetha,17
2025-06-29,4117,govisetha,Govisetha,X,01;04;30;52,"4117 Sunday June 29, 2025 X 1 4 30 52",nlb,https://www.nlb.lk/results/govisetha,18
2025-06-30,4118,govisetha,Govisetha,Z,11;46;76;78,"4118 Monday June 30, 2025 Z 11 46 76 78",nlb,https://www.nlb.lk/results/govisetha,19
2025-07-01,4119,govisetha,Govisetha,I,14;25;26;40,"4119 Tuesday July 01, 2025 I 14 25 26 40",nlb,https://www.nlb.lk/results/govisetha,20
2025-07-02,4120,govisetha,Govisetha,O,10;33;36;64,"4120 Wednesday July 02, 2025 O 10 33 36 64",nlb,https://www.nlb.lk/results/govisetha,21
2025-07-03,4121,govisetha,Govisetha,T,17;26;32;66,"4121 Thursday July 03, 2025 T 17 26 32 66",nlb,https://www.nlb.lk/results/govisetha,22
2025-07-04,4122,govisetha,Govisetha,J,34;37;44;78,"4122 Friday July 04, 2025 J 34 37 44 78",nlb,https://www.nlb.lk/results/govisetha,23
2025-07-05,4123,govisetha,Govisetha,T,19;50;53;80,"4123 Saturday July 05, 2025 T 19 50 53 80",nlb,https://www.nlb.lk/results/govisetha,24
2025-07-06,4124,govisetha,Govisetha,J,09;24;31;49,"4124 Sunday July 06, 2025 J 09 24 31 49",nlb,https://www.nlb.lk/results/govisetha,25
2025-07-07,4125,govisetha,Govisetha,M,08;35;64;72,"4125 Monday July 07, 2025 M 8 35 64 72",nlb,https://www.nlb.lk/results/govisetha,26
2025-07-08,4126,govisetha,Govisetha,W,15;40;59;72,"4126 Tuesday July 08, 2025 W 15 40 59 72",nlb,https://www.nlb.lk/results/govisetha,27
2025-07-09,4127,govisetha,Govisetha,K,15;43;59;78,"4127 Wednesday July 09, 2025 K 15 43 59 78",nlb,https://www.nlb.lk/results/govisetha,28
2025-07-10,4128,govisetha,Govisetha,E,13;18;39;68,"4128 Thursday July 10, 2025 E 13 18 39 68",nlb,https://www.nlb.lk/results/govisetha,29
2025-07-11,4129,govisetha,Govisetha,S,18;34;54;63,"4129 Friday July 11, 2025 S 18 34 54 63",nlb,https://www.nlb.lk/results/govisetha,30
2025-07-12,4130,govisetha,Govisetha,W,05;32;37;63,"4130 Saturday July 12, 2025 W 05 32 37 63",nlb,https://www.nlb.lk/results/govisetha,31
2025-07-13,4131,govisetha,Govisetha,X,15;23;24;31,"4131 Sunday July 13, 2025 X 15 23 24 31",nlb,https://www.nlb.lk/results/govisetha,32
2025-07-14,4132,govisetha,Govisetha,D,23;42;45;69,"4132 Monday July 14, 2025 D 23 42 45 69",nlb,https://www.nlb.lk/results/govisetha,33
2025-07-15,4133,govisetha,Govisetha,M,07;15;61;65,"4133 Tuesday July 15, 2025 M 07 15 61 65",nlb,https://www.nlb.lk/results/govisetha,34
2025-07-16,4134,govisetha,Govisetha,C,01;22;30;78,"4134 Wednesday July 16, 2025 C 01 22 30 78",nlb,https://www.nlb.lk/results/govisetha,35
2025-07-17,4135,govisetha,Govisetha,E,18;21;56;59,"4135 Thursday July 17, 2025 E 18 21 56 59",nlb,https://www.nlb.lk/results/govisetha,36
2025-07-18,4136,govisetha,Govisetha,D,49;59;71;73,"4136 Friday July 18, 2025 D 49 59 71 73",nlb,https://www.nlb.lk/results/govisetha,37
2025-07-19,4137,govisetha,Govisetha,E,14;47;56;79,"4137 Saturday July 19, 2025 E 14 47 56 79",nlb,https://www.nlb.lk/results/govisetha,38
2025-07-20,4138,govisetha,Govisetha,Z,03;35;48;54,"4138 Sunday July 20, 2025 Z 03 35 48 54",nlb,https://www.nlb.lk/results/govisetha,39
2025-07-21,4139,govisetha,Govisetha,Z,32;37;76;80,"4139 Monday July 21, 2025 Z 32 37 76 80",nlb,https://www.nlb.lk/results/govisetha,40
2025-07-22,4140,govisetha,Govisetha,F,12;71;73;77,"4140 Tuesday July 22, 2025 F 12 71 73 77",nlb,https://www.nlb.lk/results/govisetha,41
2025-07-23,4141,govisetha,Govisetha,V,18;40;49;79,"4141 Wednesday July 23, 2025 V 18 40 49 79",nlb,https://www.nlb.lk/results/govisetha,42
2025-07-24,4142,govisetha,Govisetha,O,22;40;61;71,"4142 Thursday July 24, 2025 O 22 40 61 71",nlb,https://www.nlb.lk/results/govisetha,43
2025-07-25,4143,govisetha,Govisetha,V,38;43;56;65,"4143 Friday July 25, 2025 V 38 43 56 65",nlb,https://www.nlb.lk/results/govisetha,44
2025-07-26,4144,govisetha,Govisetha,Y,04;13;31;54,"4144 Saturday July 26, 2025 Y 04 13 31 54",nlb,https://www.nlb.lk/results/govisetha,45
2025-07-27,4145,govisetha,Govisetha,U,11;15;36;73,"4145 Sunday July 27, 2025 U 11 15 36 73",nlb,https://www.nlb.lk/results/govisetha,46
2025-07-28,4146,govisetha,Govisetha,E,08;53;58;75,"4146 Monday July 28, 2025 E 08 53 58 75",nlb,https://www.nlb.lk/results/govisetha,47
2025-07-29,4147,govisetha,Govisetha,Z,11;69;71;73,"4147 Tuesday July 29, 2025 Z 11 69 71 73",nlb,https://www.nlb.lk/results/govisetha,48
2025-07-30,4148,govisetha,Govisetha,Z,03;22;33;80,"4148 Wednesday July 30, 2025 Z 03 22 33 80",nlb,https://www.nlb.lk/results/govisetha,49
2025-07-31,4149,govisetha,Govisetha,I,04;21;42;43,"4149 Thursday July 31, 2025 I 4 21 42 43",nlb,https://www.nlb.lk/results/govisetha,50
2025-08-01,4150,govisetha,Govisetha,V,24;48;73;74,"4150 Friday August 01, 2025 V 24 48 73 74",nlb,https://www.nlb.lk/results/govisetha,51
2025-08-02,4151,govisetha,Govisetha,K,41;43;62;69,"4151 Saturday August 02, 2025 K 41 43 62 69",nlb,https://www.nlb.lk/results/govisetha,52
2025-08-03,4152,govisetha,Govisetha,P,03;47;57;61,"4152 Sunday August 03, 2025 P 03 47 57 61",nlb,https://www.nlb.lk/results/govisetha,53
2025-08-04,4153,govisetha,Govisetha,I,24;29;71;80,"4153 Monday August 04, 2025 I 24 29 71 80",nlb,https://www.nlb.lk/results/govisetha,54
2025-08-05,4154,govisetha,Govisetha,F,19;33;39;67,"4154 Tuesday August 05, 2025 F 19 33 39 67",nlb,https://www.nlb.lk/results/govisetha,55
2025-08-06,4155,govisetha,Govisetha,K,29;62;69;70,"4155 Wednesday August 06, 2025 K 29 62 69 70",nlb,https://www.nlb.lk/results/govisetha,56
2025-08-07,4156,govisetha,Govisetha,K,10;36;53;79,"4156 Thursday August 07, 2025 K 10 36 53 79",nlb,https://www.nlb.lk/results/govisetha,57
2025-08-08,4157,govisetha,Govisetha,G,12;23;39;79,"4157 Friday August 08, 2025 G 12 23 39 79",nlb,https://www.nlb.lk/results/govisetha,58
2025-08-09,4158,govisetha,Govisetha,V,52;58;63;76,"4158 Saturday August 09, 2025 V 52 58 63 76",nlb,https://www.nlb.lk/results/govisetha,59
2025-08-10,4159,govisetha,Govisetha,H,32;45;70;76,"4159 Sunday August 10, 2025 H 32 45 70 76",nlb,https://www.nlb.lk/results/govisetha,60
2025-08-11,4160,govisetha,Govisetha,J,34;43;53;77,"4160 Monday August 11, 2025 J 34 43 53 77",nlb,https://www.nlb.lk/results/govisetha,61
2025-08-12,4161,govisetha,Govisetha,F,04;10;20;60,"4161 Tuesday August 12, 2025 F 04 10 20 60",nlb,https://www.nlb.lk/results/govisetha,62
2025-08-13,4162,govisetha,Govisetha,H,05;25;49;58,"4162 Wednesday August 13, 2025 H 05 25 49 58",nlb,https://www.nlb.lk/results/govisetha,63
2025-08-14,4163,govisetha,Govisetha,V,03;31;40;62,"4163 Thursday August 14, 2025 V 3 31 40 62",nlb,https://www.nlb.lk/results/govisetha,64
2025-08-15,4164,govisetha,Govisetha,H,21;36;46;53,"4164 Friday August 15, 2025 H 21 36 46 53",nlb,https://www.nlb.lk/results/govisetha,65
2025-08-16,4165,govisetha,Govisetha,O,19;28;33;48,"4165 Saturday August 16, 2025 O 19 28 33 48",nlb,https://www.nlb.lk/results/govisetha,66
2025-08-17,4166,govisetha,Govisetha,X,26;29;57;58,"4166 Sunday August 17, 2025 X 26 29 57 58",nlb,https://www.nlb.lk/results/govisetha,67
2025-08-18,4167,govisetha,Govisetha,T,24;41;49;69,"4167 Monday August 18, 2025 T 24 41 49 69",nlb,https://www.nlb.lk/results/govisetha,68
2025-08-19,4168,govisetha,Govisetha,N,08;30;54;56,"4168 Tuesday August 19, 2025 N 08 30 54 56",nlb,https://www.nlb.lk/results/govisetha,69
2025-08-20,4169,govisetha,Govisetha,L,26;28;33;68,"4169 Wednesday August 20, 2025 L 26 28 33 68",nlb,https://www.nlb.lk/results/govisetha,70
2025-08-21,4170,govisetha,Govisetha,B,07;28;33;74,"4170 Thursday August 21, 2025 B 7 28 33 74",nlb,https://www.nlb.lk/results/govisetha,71
2025-08-22,4171,govisetha,Govisetha,W,26;33;36;60,"4171 Friday August 22, 2025 W 26 33 36 60",nlb,https://www.nlb.lk/results/govisetha,72
2025-08-23,4172,govisetha,Govisetha,Z,01;07;14;55,"4172 Saturday August 23, 2025 Z 01 07 14 55",nlb,https://www.nlb.lk/results/govisetha,73
2025-08-24,4173,govisetha,Govisetha,P,20;39;47;69,"4173 Sunday August 24, 2025 P 20 39 47 69",nlb,https://www.nlb.lk/results/govisetha,74
2025-08-25,4174,govisetha,Govisetha,O,32;33;38;46,"4174 Monday August 25, 2025 O 32 33 38 46",nlb,https://www.nlb.lk/results/govisetha,75
2025-08-26,4175,govisetha,Govisetha,I,51;57;73;79,"4175 Tuesday August 26, 2025 I 51 57 73 79",nlb,https://www.nlb.lk/results/govisetha,76
2025-08-27,4176,govisetha,Govisetha,H,04;20;31;51,"4176 Wednesday August 27, 2025 H 04 20 31 51",nlb,https://www.nlb.lk/results/govisetha,77
2025-08-28,4177,govisetha,Govisetha,D,10;66;69;79,"4177 Thursday August 28, 2025 D 10 66 69 79",nlb,https://www.nlb.lk/results/govisetha,78
2025-08-29,4178,govisetha,Govisetha,Y,11;22;29;71,"4178 Friday August 29, 2025 Y 11 22 29 71",nlb,https://www.nlb.lk/results/govisetha,79
2025-08-30,4179,govisetha,Govisetha,M,01;12;34;73,"4179 Saturday August 30, 2025 M 1 12 34 73",nlb,https://www.nlb.lk/results/govisetha,80
2025-08-31,4180,govisetha,Govisetha,C,15;32;50;78,"4180 Sunday August 31, 2025 C 15 32 50 78",nlb,https://www.nlb.lk/results/govisetha,81
2025-09-01,4181,govisetha,Govisetha,W,10;28;44;59,"4181 Monday September 01, 2025 W 10 28 44 59",nlb,https://www.nlb.lk/results/govisetha,82
2025-09-02,4182,govisetha,Govisetha,E,01;58;62;74,"4182 Tuesday September 02, 2025 E 01 58 62 74",nlb,https://www.nlb.lk/results/govisetha,83
2025-09-03,4183,govisetha,Govisetha,J,23;32;48;61,"4183 Wednesday September 03, 2025 J 23 32 48 61",nlb,https://www.nlb.lk/results/govisetha,84
2025-09-04,4184,govisetha,Govisetha,W,02;04;12;47,"4184 Thursday September 04, 2025 W 2 4 12 47",nlb,https://www.nlb.lk/results/govisetha,85
2025-09-05,4185,govisetha,Govisetha,R,09;11;65;75,"4185 Friday September 05, 2025 R 9 11 65 75",nlb,https://www.nlb.lk/results/govisetha,86
2025-09-06,4186,govisetha,Govisetha,O,09;21;29;57,"4186 Saturday September 06, 2025 O 09 21 29 57",nlb,https://www.nlb.lk/results/govisetha,87
2025-09-07,4187,govisetha,Govisetha,J,12;26;51;80,"4187 Sunday September 07, 2025 J 12 26 51 80",nlb,https://www.nlb.lk/results/govisetha,88
2025-09-08,4188,govisetha,Govisetha,P,22;28;52;76,"4188 Monday September 08, 2025 P 22 28 52 76",nlb,https://www.nlb.lk/results/govisetha,89
2025-09-09,4189,govisetha,Govisetha,N,16;34;62;65,"4189 Tuesday September 09, 2025 N 16 34 62 65",nlb,https://www.nlb.lk/results/govisetha,90
2025-09-10,4190,govisetha,Govisetha,G,24;34;46;69,"4190 Wednesday September 10, 2025 G 24 34 46 69",nlb,https://www.nlb.lk/results/govisetha,91
2025-09-11,4191,govisetha,Govisetha,B,05;10;26;30,"4191 Thursday September 11, 2025 B 5 10 26 30",nlb,https://www.nlb.lk/results/govisetha,92
2025-09-12,4192,govisetha,Govisetha,W,03;23;38;72,"4192 Friday September 12, 2025 W 03 23 38 72",nlb,https://www.nlb.lk/results/govisetha,93
2025-09-13,4193,govisetha,Govisetha,K,20;25;51;78,"4193 Saturday September 13, 2025 K 20 25 51 78",nlb,https://www.nlb.lk/results/govisetha,94
2025-09-14,4194,govisetha,Govisetha,F,40;73;76;80,"4194 Sunday September 14, 2025 F 40 73 76 80",nlb,https://www.nlb.lk/results/govisetha,95
2025-09-15,4195,govisetha,Govisetha,Z,30;46;68;78,"4195 Monday September 15, 2025 Z 30 46 68 78",nlb,https://www.nlb.lk/results/govisetha,96
2025-09-16,4196,govisetha,Govisetha,L,36;56;65;67,"4196 Tuesday September 16, 2025 L 36 56 65 67",nlb,https://www.nlb.lk/results/govisetha,97
2025-09-17,4197,govisetha,Govisetha,E,03;15;38;49,"4197 Wednesday September 17, 2025 E 03 15 38 49",nlb,https://www.nlb.lk/results/govisetha,98
2025-09-18,4198,govisetha,Govisetha,Y,02;03;49;79,"4198 Thursday September 18, 2025 Y 2 3 49 79",nlb,https://www.nlb.lk/results/govisetha,99
2025-09-19,4199,govisetha,Govisetha,J,11;21;36;60,"4199 Friday September 19, 2025 J 11 21 36 60",nlb,https://www.nlb.lk/results/govisetha,100
2025-09-20,4200,govisetha,Govisetha,T,06;07;49;72,"4200 Saturday September 20, 2025 T 06 07 49 72",nlb,https://www.nlb.lk/results/govisetha,101
2025-09-21,4201,govisetha,Govisetha,Y,04;32;73;78,"4201 Sunday September 21, 2025 Y 04 32 73 78",nlb,https://www.nlb.lk/results/govisetha,102
2025-09-22,4202,govisetha,Govisetha,L,40;47;73;78,"4202 Monday September 22, 2025 L 40 47 73 78",nlb,https://www.nlb.lk/results/govisetha,103
2025-09-23,4203,govisetha,Govisetha,K,10;36;41;70,"4203 Tuesday September 23, 2025 K 10 36 41 70",nlb,https://www.nlb.lk/results/govisetha,104
2025-09-24,4204,govisetha,Govisetha,Q,33;39;62;73,"4204 Wednesday September 24, 2025 Q 33 39 62 73",nlb,https://www.nlb.lk/results/govisetha,105
2025-09-25,4205,govisetha,Govisetha,Y,09;17;60;68,"4205 Thursday September 25, 2025 Y 09 17 60 68",nlb,https://www.nlb.lk/results/govisetha,106
2025-09-26,4206,govisetha,Govisetha,J,08;25;49;66,"4206 Friday September 26, 2025 J 08 25 49 66",nlb,https://www.nlb.lk/results/govisetha,107
2025-09-27,4207,govisetha,Govisetha,J,21;33;72;73,"4207 Saturday September 27, 2025 J 21 33 72 73",nlb,https://www.nlb.lk/results/govisetha,108
2025-09-28,4208,govisetha,Govisetha,U,05;29;75;76,"4208 Sunday September 28, 2025 U 05 29 75 76",nlb,https://www.nlb.lk/results/govisetha,109
2025-09-29,4209,govisetha,Govisetha,P,10;22;53;60,"4209 Monday September 29, 2025 P 10 22 53 60",nlb,https://www.nlb.lk/results/govisetha,110
2025-09-30,4210,govisetha,Govisetha,I,33;34;46;68,"4210 Tuesday September 30, 2025 I 33 34 46 68",nlb,https://www.nlb.lk/results/govisetha,111
2025-10-01,4211,govisetha,Govisetha,G,08;09;19;23,"4211 Wednesday October 01, 2025 G 08 09 19 23",nlb,https://www.nlb.lk/results/govisetha,112
2025-10-02,4212,govisetha,Govisetha,W,28;32;54;61,"4212 Thursday October 02, 2025 W 28 32 54 61",nlb,https://www.nlb.lk/results/govisetha,113
2025-10-03,4213,govisetha,Govisetha,D,34;40;68;75,"4213 Friday October 03, 2025 D 34 40 68 75",nlb,https://www.nlb.lk/results/govisetha,114
2025-10-04,4214,govisetha,Govisetha,A,08;17;19;30,"4214 Saturday October 04, 2025 A 08 17 19 30",nlb,https://www.nlb.lk/results/govisetha,115
2025-10-05,4215,govisetha,Govisetha,N,10;30;34;60,"4215 Sunday October 05, 2025 N 10 30 34 60",nlb,https://www.nlb.lk/results/govisetha,116
2025-10-06,4216,govisetha,Govisetha,W,05;27;67;80,"4216 Monday October 06, 2025 W 5 27 67 80",nlb,https://www.nlb.lk/results/govisetha,117
2025-10-07,4217,govisetha,Govisetha,T,07;23;30;80,"4217 Tuesday October 07, 2025 T 07 23 30 80",nlb,https://www.nlb.lk/results/govisetha,118
2025-10-08,4218,govisetha,Govisetha,P,13;17;47;74,"4218 Wednesday October 08, 2025 P 13 17 47 74",nlb,https://www.nlb.lk/results/govisetha,119
2025-10-09,4219,govisetha,Govisetha,V,07;21;65;68,"4219 Thursday October 09, 2025 V 7 21 65 68",nlb,https://www.nlb.lk/results/govisetha,120
2025-10-10,4220,govisetha,Govisetha,A,07;13;52;60,"4220 Friday October 10, 2025 A 07 13 52 60",nlb,https://www.nlb.lk/results/govisetha,121
2025-10-11,4221,govisetha,Govisetha,W,13;32;49;77,"4221 Saturday October 11, 2025 W 13 32 49 77",nlb,https://www.nlb.lk/results/govisetha,122
2025-10-12,4222,govisetha,Govisetha,O,04;32;42;74,"4222 Sunday October 12, 2025 O 04 32 42 74",nlb,https://www.nlb.lk/results/govisetha,123
2025-10-13,4223,govisetha,Govisetha,O,18;58;59;71,"4223 Monday October 13, 2025 O 18 58 59 71",nlb,https://www.nlb.lk/results/govisetha,124
2025-10-14,4224,govisetha,Govisetha,H,01;49;56;59,"4224 Tuesday October 14, 2025 H 01 49 56 59",nlb,https://www.nlb.lk/results/govisetha,125
2025-10-15,4225,govisetha,Govisetha,F,26;62;64;67,"4225 Wednesday October 15, 2025 F 26 62 64 67",nlb,https://www.nlb.lk/results/govisetha,126
2025-10-16,4226,govisetha,Govisetha,P,18;22;66;71,"4226 Thursday October 16, 2025 P 18 22 66 71",nlb,https://www.nlb.lk/results/govisetha,127
2025-10-17,4227,govisetha,Govisetha,G,20;26;44;57,"4227 Friday October 17, 2025 G 20 26 44 57",nlb,https://www.nlb.lk/results/govisetha,128
2025-10-18,4228,govisetha,Govisetha,O,23;29;37;78,"4228 Saturday October 18, 2025 O 23 29 37 78",nlb,https://www.nlb.lk/results/govisetha,129
2025-10-19,4229,govisetha,Govisetha,N,48;52;62;69,"4229 Sunday October 19, 2025 N 48 52 62 69",nlb,https://www.nlb.lk/results/govisetha,130
2025-10-20,4230,govisetha,Govisetha,G,23;51;53;58,"4230 Monday October 20, 2025 G 23 51 53 58",nlb,https://www.nlb.lk/results/govisetha,131
2025-10-21,4231,govisetha,Govisetha,Q,03;09;22;56,"4231 Tuesday October 21, 2025 Q 03 09 22 56",nlb,https://www.nlb.lk/results/govisetha,132
2025-10-22,4232,govisetha,Govisetha,J,02;32;55;61,"4232 Wednesday October 22, 2025 J 02 32 55 61",nlb,https://www.nlb.lk/results/govisetha,133
2025-10-23,4233,govisetha,Govisetha,K,05;62;71;72,"4233 Thursday October 23, 2025 K 05 62 71 72",nlb,https://www.nlb.lk/results/govisetha,134
2025-10-24,4234,govisetha,Govisetha,D,29;38;75;78,"4234 Friday October 24, 2025 D 29 38 75 78",nlb,https://www.nlb.lk/results/govisetha,135
2025-10-25,4235,govisetha,Govisetha,I,02;19;44;57,"4235 Saturday October 25, 2025 I 02 19 44 57",nlb,https://www.nlb.lk/results/govisetha,136
2025-10-26,4236,govisetha,Govisetha,O,14;51;69;79,"4236 Sunday October 26, 2025 O 14 51 69 79",nlb,https://www.nlb.lk/results/govisetha,137
2025-10-27,4237,govisetha,Govisetha,M,07;31;49;77,"4237 Monday October 27, 2025 M 07 31 49 77",nlb,https://www.nlb.lk/results/govisetha,138
2025-10-28,4238,govisetha,Govisetha,Y,19;24;44;55,"4238 Tuesday October 28, 2025 Y 19 24 44 55",nlb,https://www.nlb.lk/results/govisetha,139
2025-10-29,4239,govisetha,Govisetha,Y,15;44;76;77,"4239 Wednesday October 29, 2025 Y 15 44 76 77",nlb,https://www.nlb.lk/results/govisetha,140
2025-10-30,4240,govisetha,Govisetha,J,29;70;73;80,"4240 Thursday October 30, 2025 J 29 70 73 80",nlb,https://www.nlb.lk/results/govisetha,141
2025-10-31,4241,govisetha,Govisetha,Y,28;42;45;58,"4241 Friday October 31, 2025 Y 28 42 45 58",nlb,https://www.nlb.lk/results/govisetha,142
2025-11-01,4242,govisetha,Govisetha,G,03;10;20;79,"4242 Saturday November 01, 2025 G 03 10 20 79",nlb,https://www.nlb.lk/results/govisetha,143
2025-11-02,4243,govisetha,Govisetha,U,35;53;60;74,"4243 Sunday November 02, 2025 U 35 53 60 74",nlb,https://www.nlb.lk/results/govisetha,144
2025-11-03,4244,govisetha,Govisetha,R,12;46;54;73,"4244 Monday November 03, 2025 R 12 46 54 73",nlb,https://www.nlb.lk/results/govisetha,145
2025-11-04,4245,govisetha,Govisetha,S,05;31;70;78,"4245 Tuesday November 04, 2025 S 05 31 70 78",nlb,https://www.nlb.lk/results/govisetha,146
2025-11-05,4246,govisetha,Govisetha,F,14;50;52;65,"4246 Wednesday November 05, 2025 F 14 50 52 65",nlb,https://www.nlb.lk/results/govisetha,147
2025-11-06,4247,govisetha,Govisetha,S,06;53;54;56,"4247 Thursday November 06, 2025 S 6 53 54 56",nlb,https://www.nlb.lk/results/govisetha,148
2025-11-07,4248,govisetha,Govisetha,O,06;23;26;37,"4248 Friday November 07, 2025 O 06 23 26 37",nlb,https://www.nlb.lk/results/govisetha,149
2025-11-08,4249,govisetha,Govisetha,A,19;20;62;78,"4249 Saturday November 08, 2025 A 19 20 62 78",nlb,https://www.nlb.lk/results/govisetha,150
2025-11-09,4250,govisetha,Govisetha,F,03;14;41;57,"4250 Sunday November 09, 2025 F 03 14 41 57",nlb,https://www.nlb.lk/results/govisetha,151
2025-11-10,4251,govisetha,Govisetha,B,13;29;34;41,"4251 Monday November 10, 2025 B 13 29 34 41",nlb,https://www.nlb.lk/results/govisetha,152
2025-11-11,4252,govisetha,Govisetha,Q,07;45;47;70,"4252 Tuesday November 11, 2025 Q 07 45 47 70",nlb,https://www.nlb.lk/results/govisetha,153
2025-11-12,4253,govisetha,Govisetha,L,03;06;21;33,"4253 Wednesday November 12, 2025 L 03 06 21 33",nlb,https://www.nlb.lk/results/govisetha,154
2025-11-13,4254,govisetha,Govisetha,G,05;26;47;60,"4254 Thursday November 13, 2025 G 05 26 47 60",nlb,https://www.nlb.lk/results/govisetha,155
2025-11-14,4255,govisetha,Govisetha,C,14;33;65;75,"4255 Friday November 14, 2025 C 14 33 65 75",nlb,https://www.nlb.lk/results/govisetha,156
2025-11-15,4256,govisetha,Govisetha,P,32;40;43;46,"4256 Saturday November 15, 2025 P 32 40 43 46",nlb,https://www.nlb.lk/results/govisetha,157
2025-11-16,4257,govisetha,Govisetha,Q,27;44;54;57,"4257 Sunday November 16, 2025 Q 27 44 54 57",nlb,https://www.nlb.lk/results/govisetha,158
2025-11-17,4258,govisetha,Govisetha,L,07;14;16;22,"4258 Monday November 17, 2025 L 07 14 16 22",nlb,https://www.nlb.lk/results/govisetha,159
2025-11-18,4259,govisetha,Govisetha,A,19;30;31;40,"4259 Tuesday November 18, 2025 A 19 30 31 40",nlb,https://www.nlb.lk/results/govisetha,160
2025-11-19,4260,govisetha,Govisetha,G,08;09;36;64,"4260 Wednesday November 19, 2025 G 08 09 36 64",nlb,https://www.nlb.lk/results/govisetha,161
2025-11-20,4261,govisetha,Govisetha,T,13;25;29;51,"4261 Thursday November 20, 2025 T 13 25 29 51",nlb,https://www.nlb.lk/results/govisetha,162
2025-11-21,4262,govisetha,Govisetha,E,34;55;62;80,"4262 Friday November 21, 2025 E 34 55 62 80",nlb,https://www.nlb.lk/results/govisetha,163
2025-11-22,4263,govisetha,Govisetha,I,12;23;60;76,"4263 Saturday November 22, 2025 I 12 23 60 76",nlb,https://www.nlb.lk/results/govisetha,164
2025-11-23,4264,govisetha,Govisetha,D,01;17;43;45,"4264 Sunday November 23, 2025 D 01 17 43 45",nlb,https://www.nlb.lk/results/govisetha,165
2025-11-24,4265,govisetha,Govisetha,W,01;34;36;65,"4265 Monday November 24, 2025 W 01 34 36 65",nlb,https://www.nlb.lk/results/govisetha,166
2025-11-25,4266,govisetha,Govisetha,B,34;40;75;77,"4266 Tuesday November 25, 2025 B 34 40 75 77",nlb,https://www.nlb.lk/results/govisetha,167
2025-11-26,4267,govisetha,Govisetha,C,10;26;58;68,"4267 Wednesday November 26, 2025 C 10 26 58 68",nlb,https://www.nlb.lk/results/govisetha,168
2025-11-27,4268,govisetha,Govisetha,D,19;41;44;54,"4268 Thursday November 27, 2025 D 19 41 44 54",nlb,https://www.nlb.lk/results/govisetha,169
2025-11-28,4269,govisetha,Govisetha,A,01;09;56;60,"4269 Friday November 28, 2025 A 01 09 56 60",nlb,https://www.nlb.lk/results/govisetha,170
2025-11-29,4270,govisetha,Govisetha,Y,14;25;33;36,"4270 Saturday November 29, 2025 Y 14 25 33 36",nlb,https://www.nlb.lk/results/govisetha,171
2025-11-30,4271,govisetha,Govisetha,B,17;18;20;37,"4271 Sunday November 30, 2025 B 17 18 20 37",nlb,https://www.nlb.lk/results/govisetha,172
2025-12-01,4272,govisetha,Govisetha,J,35;50;70;78,"4272 Monday December 01, 2025 J 35 50 70 78",nlb,https://www.nlb.lk/results/govisetha,173
2025-12-02,4273,govisetha,Govisetha,C,09;30;58;62,"4273 Tuesday December 02, 2025 C 09 30 58 62",nlb,https://www.nlb.lk/results/govisetha,174
2025-12-03,4274,govisetha,Govisetha,K,07;26;47;77,"4274 Wednesday December 03, 2025 K 07 26 47 77",nlb,https://www.nlb.lk/results/govisetha,175
2025-12-04,4275,govisetha,Govisetha,C,23;31;67;77,"4275 Thursday December 04, 2025 C 23 31 67 77",nlb,https://www.nlb.lk/results/govisetha,176
2025-12-05,4276,govisetha,Govisetha,B,02;17;75;79,"4276 Friday December 05, 2025 B 2 17 75 79",nlb,https://www.nlb.lk/results/govisetha,177
2025-12-06,4277,govisetha,Govisetha,Q,04;46;48;76,"4277 Saturday December 06, 2025 Q 04 46 48 76",nlb,https://www.nlb.lk/results/govisetha,178
2025-12-07,4278,govisetha,Govisetha,K,50;59;62;74,"4278 Sunday December 07, 2025 K 50 59 62 74",nlb,https://www.nlb.lk/results/govisetha,179
2025-12-08,4279,govisetha,Govisetha,D,04;19;54;74,"4279 Monday December 08, 2025 D 4 19 54 74",nlb,https://www.nlb.lk/results/govisetha,180
2025-12-09,4280,govisetha,Govisetha,P,02;05;35;62,"4280 Tuesday December 09, 2025 P 02 05 35 62",nlb,https://www.nlb.lk/results/govisetha,181
2025-12-10,4281,govisetha,Govisetha,Y,09;22;29;71,"4281 Wednesday December 10, 2025 Y 09 22 29 71",nlb,https://www.nlb.lk/results/govisetha,182
2025-12-11,4282,govisetha,Govisetha,N,29;60;67;68,"4282 Thursday December 11, 2025 N 29 60 67 68",nlb,https://www.nlb.lk/results/govisetha,183
2025-12-12,4283,govisetha,Govisetha,T,12;44;55;69,"4283 Friday December 12, 2025 T 12 44 55 69",nlb,https://www.nlb.lk/results/govisetha,184
2025-12-13,4284,govisetha,Govisetha,C,12;19;55;69,"4284 Saturday December 13, 2025 C 12 19 55 69",nlb,https://www.nlb.lk/results/govisetha,185
2025-12-14,4285,govisetha,Govisetha,W,01;10;35;42,"4285 Sunday December 14, 2025 W 01 10 35 42",nlb,https://www.nlb.lk/results/govisetha,186
2025-12-15,4286,govisetha,Govisetha,V,41;52;73;74,"4286 Monday December 15, 2025 V 41 52 73 74",nlb,https://www.nlb.lk/results/govisetha,187
2025-12-16,4287,govisetha,Govisetha,D,14;33;37;46,"4287 Tuesday December 16, 2025 D 14 33 37 46",nlb,https://www.nlb.lk/results/govisetha,188
2025-12-17,4288,govisetha,Govisetha,H,27;55;69;70,"4288 Wednesday December 17, 2025 H 27 55 69 70",nlb,https://www.nlb.lk/results/govisetha,189
2025-12-18,4289,govisetha,Govisetha,V,05;10;14;25,"4289 Thursday December 18, 2025 V 5 10 14 25",nlb,https://www.nlb.lk/results/govisetha,190
2025-12-19,4290,govisetha,Govisetha,X,40;55;68;80,"4290 Friday December 19, 2025 X 40 55 68 80",nlb,https://www.nlb.lk/results/govisetha,191
2025-12-20,4291,govisetha,Govisetha,U,18;32;64;75,"4291 Saturday December 20, 2025 U 18 32 64 75",nlb,https://www.nlb.lk/results/govisetha,192
2025-12-21,4292,govisetha,Govisetha,D,19;21;47;59,"4292 Sunday December 21, 2025 D 19 21 47 59",nlb,https://www.nlb.lk/results/govisetha,193
2025-12-22,4293,govisetha,Govisetha,P,11;22;37;69,"4293 Monday December 22, 2025 P 11 22 37 69",nlb,https://www.nlb.lk/results/govisetha,194
2025-12-23,4294,govisetha,Govisetha,N,04;22;74;79,"4294 Tuesday December 23, 2025 N 04 22 74 79",nlb,https://www.nlb.lk/results/govisetha,195
2025-12-24,4295,govisetha,Govisetha,G,14;35;70;80,"4295 Wednesday December 24, 2025 G 14 35 70 80",nlb,https://www.nlb.lk/results/govisetha,196
2025-12-25,4296,govisetha,Govisetha,W,19;26;48;73,"4296 Thursday December 25, 2025 W 19 26 48 73",nlb,https://www.nlb.lk/results/govisetha,197
2025-12-26,4297,govisetha,Govisetha,H,03;08;50;71,"4297 Friday December 26, 2025 H 3 8 50 71",nlb,https://www.nlb.lk/results/govisetha,198
2025-12-27,4298,govisetha,Govisetha,L,18;19;29;48,"4298 Saturday December 27, 2025 L 18 19 29 48",nlb,https://www.nlb.lk/results/govisetha,199
2025-12-28,4299,govisetha,Govisetha,P,01;61;67;68,"4299 Sunday December 28, 2025 P 01 61 67 68",nlb,https://www.nlb.lk/results/govisetha,200
2025-12-29,4300,govisetha,Govisetha,H,05;23;37;76,"4300 Monday December 29, 2025 H 05 23 37 76",nlb,https://www.nlb.lk/results/govisetha,201
2025-12-30,4301,govisetha,Govisetha,P,26;31;41;55,"4301 Tuesday December 30, 2025 P 26 31 41 55",nlb,https://www.nlb.lk/results/govisetha,202
2025-12-31,4302,govisetha,Govisetha,X,25;26;55;71,"4302 Wednesday December 31, 2025 X 25 26 55 71",nlb,https://www.nlb.lk/results/govisetha,203
2026-01-01,4303,govisetha,Govisetha,R,22;33;39;62,"4303 Thursday January 01, 2026 R 22 33 39 62",nlb,https://www.nlb.lk/results/govisetha,204
2026-01-02,4304,govisetha,Govisetha,K,05;34;59;76,"4304 Friday January 02, 2026 K 05 34 59 76",nlb,https://www.nlb.lk/results/govisetha,205
2026-01-03,4305,govisetha,Govisetha,F,54;57;65;76,"4305 Saturday January 03, 2026 F 54 57 65 76",nlb,https://www.nlb.lk/results/govisetha,206
2026-01-04,4306,govisetha,Govisetha,K,35;57;64;77,"4306 Sunday January 04, 2026 K 35 57 64 77",nlb,https://www.nlb.lk/results/govisetha,207
2026-01-05,4307,govisetha,Govisetha,L,06;10;25;27,"4307 Monday January 05, 2026 L 06 10 25 27",nlb,https://www.nlb.lk/results/govisetha,208
2026-01-06,4308,govisetha,Govisetha,T,01;04;09;16,"4308 Tuesday January 06, 2026 T 01 04 09 16",nlb,https://www.nlb.lk/results/govisetha,209
2026-01-07,4309,govisetha,Govisetha,U,13;32;36;76,"4309 Wednesday January 07, 2026 U 13 32 36 76",nlb,https://www.nlb.lk/results/govisetha,210
2026-01-08,4310,govisetha,Govisetha,M,28;55;67;68,"4310 Thursday January 08, 2026 M 28 55 67 68",nlb,https://www.nlb.lk/results/govisetha,211
2026-01-09,4311,govisetha,Govisetha,M,19;35;55;58,"4311 Friday January 09, 2026 M 19 35 55 58",nlb,https://www.nlb.lk/results/govisetha,212
2026-01-10,4312,govisetha,Govisetha,H,21;37;48;78,"4312 Saturday January 10, 2026 H 21 37 48 78",nlb,https://www.nlb.lk/results/govisetha,213
2026-01-11,4313,govisetha,Govisetha,G,22;33;43;78,"4313 Sunday January 11, 2026 G 22 33 43 78",nlb,https://www.nlb.lk/results/govisetha,214
2026-01-12,4314,govisetha,Govisetha,U,12;33;62;73,"4314 Monday January 12, 2026 U 12 33 62 73",nlb,https://www.nlb.lk/results/govisetha,215
